Date,Open,High,Low,Close,Volume
2021-03-31,331,390.39,271,287.45,89800407
2021-04-01,294,310.2473,275,282,18365397
2021-04-06,290,292.9,277.2,280,6645206
2021-04-07,283,292,280.25,286,6812160
2021-04-08,286.05,288.85,282,282,4516159
2021-04-09,283,285,254.5,254.5,9925571
2021-04-12,260,276.5,241.7,251,8270875
2021-04-13,254,266.3,251.9,265.3,6901324
2021-04-14,268,271.6,264.9309,270.2,5189440
2021-04-15,272.7,275,255,260,9467533
2021-04-16,260.8,262,244.5,247,5585908
2021-04-19,246.2,250.5727,237,239,3772896
2021-04-20,238,243.9,235.5,242.8,2042993
2021-04-21,243.2,245,231,233,2098490
2021-04-22,235.6,241.1,225.12,230.3,3171723
2021-04-23,231,236.9,224.44,233,1502540
2021-04-26,235,237.64,227,228,2311425
2021-04-27,230,242,228.8,242,3145410
2021-04-28,246.4,256,236.4,255.8,4255686
2021-04-29,258,260.9,255,260,2547598
2021-04-30,261,269,257,268,3749979
2021-05-04,271,271,260,262,2251835
2021-05-05,264.3,270,260.8,270,1635138
2021-05-06,270,271.1,256.89,263.2,3093136
2021-05-07,263.2,269.5,255.82,257.3,1599068
2021-05-10,259,263.8,243.5,247,2890196
2021-05-11,246.9,259,243.2,249,4183174
2021-05-12,251.1,256.9,243.5,243.7,2239740
2021-05-13,243.4,246.4,235.4,238.4,2875719
2021-05-14,240,240,231.1,234.1,3387412
2021-05-17,240,244.2,231.3,234.9,1073304
2021-05-18,239.1,243.1808,235.7,240.6,1006680
2021-05-19,240.5,243.9,235,241.2,1072050
2021-05-20,243,252,241.3,249,1653772
2021-05-21,250.3,252.5,243.8,250,1465220
2021-05-24,246,259.14,246,258,1268057
2021-05-25,257.5,263,256,260,2195648
2021-05-26,260,261.6,253.88,260,1160451
2021-05-27,260,263.4,251,253,795370
2021-05-28,253,255.9,248.4,251.4,668754
2021-06-01,250.5,254.9,240.7,246.1,1544104
2021-06-02,252,252,240.2,248.1,1734447
2021-06-03,250.8,257.4,244.6,257,1475319
2021-06-04,254.9,261.0833,252.2,257.6,1734832
2021-06-07,260,260,249.48,250,1230999
2021-06-08,250.1,257.2,247.54,253.3,1036759
2021-06-09,252.4,255.3,249.6,249.6,720916
2021-06-10,254.8,254.8,245.2,249.3,1231442
2021-06-11,248,258.8,248,255.4,1556552
2021-06-14,256,258.9,251,256.9,875996
2021-06-15,258,258.6,249.8,251.3,1498993
2021-06-16,252,256.7,246.7,256.5,1483194
2021-06-17,256.5,259.9,250.2215,259.9,1792697
2021-06-18,260,261.5,251.7,260.3,6403971
2021-06-21,258.2,260.3,253.1,256.2,1276734
2021-06-22,259,259.7,252,257.6,1108104
2021-06-23,253,259,251.6,251.6,1011916
2021-06-24,252.5,275.9,251.5,274.9,4030002
2021-06-25,275,279.4,268.1,279.4,2051771
2021-06-28,278.1,285,278.1,284.1,1822063
2021-06-29,284,291.6,284,289.8,2554466
2021-06-30,290.7,292.08,286.6,288.4,1346691
2021-07-01,289.4,298.1034,288.5,296.5,1047714
2021-07-02,298,319.8,298,316.4,2832657
2021-07-05,316.3,319.6356,301.4,306.2,1422192
2021-07-06,305.9,314.2878,305,314,1062536
2021-07-07,313.4,320.8,311.7,320.6,2376334
2021-07-08,324.4,338.18,311.2,313.3,4450281
2021-07-09,315.2,318.5,298.7,300,2654827
2021-07-12,300,307.6,298.3,305.8,1636231
2021-07-13,306.1,310.2,298.4,307,2657765
2021-07-14,306.9,308.8,298.8,303.6,2165073
2021-07-15,299.5,304.3,287.5,299.2,1693982
2021-07-16,299.2,299.7,291.1,294.6,1690978
2021-07-19,297,302,291.5,299.7,2061506
2021-07-20,304.9,304.9,297.7,299.7,1407221
2021-07-21,298.3,315.6,297.35,314.3,1611809
2021-07-22,314.7,318.7,313.8,316.8,1271461
2021-07-23,317.5,319.2,313.8,316.1,943491
2021-07-26,316.5,319.3,311.74,312.5,1090267
2021-07-27,311.7,320.9,310,313.3,1008226
2021-07-28,311.8,319,311.32,316,1467208
2021-07-29,315,326.8,315,325,1383860
2021-07-30,325,335.3,321.1,330,2364170
2021-08-02,329.7,334,321.1179,322.7,2160009
2021-08-03,316,325.1,301.3,319,5958309
2021-08-04,319,331.6,314.7184,326.3,1823435
2021-08-05,330,330.4,317.3,325,6035476
2021-08-06,325,334,323,325.1,1440143
2021-08-09,336.3,360,333.1,339.8,4304567
2021-08-10,334.3,379.6,334.3,363.1,5428804
2021-08-11,371,377.12,339.3,341,3883503
2021-08-12,345,372,340.4,371.4,2547240
2021-08-13,369.9,387.5,367.2,386.1,3725753
2021-08-16,385,390,380.1,388.8,2987938
2021-08-17,385.7,394.52,375.3,384.4,2338766
2021-08-18,384.4,396.8,380.3,395,4235794
2021-08-19,390,392.9,375.1,388.8,2365888
2021-08-20,388.6,390,375.4,376.3,1674336
2021-08-23,390,392.1,380,389.2,3207480
2021-08-24,389.9,394.9,384.5,390,1595595
2021-08-25,375,387.7552,344.9,370.1,2747904
2021-08-26,372.1,374.2,359.2,365,2084214
2021-08-27,382.6,382.6,360.71,362.8,1051384
2021-08-31,367.4,368.5,344.5,348.4,1523879
2021-09-01,355.8,363.2,347.1,359.7,1353471
2021-09-02,355.4,373.53,355.4,366.3,1552143
2021-09-03,368,370.6,357.1,363,1270762
2021-09-06,362.2,365.9,359.4,360,837461
2021-09-07,360.8,362.4,348.4,353.6,1334086
2021-09-08,370,370,340.3,341.3,1191418
2021-09-09,338.5,344.8,336.1,343.1,1656676
2021-09-10,347.1,349.3,343,344,691368
2021-09-13,341.2,346,328.09,332.8,1612693
2021-09-14,323.2,336.5,323.2,331.7,1058237
2021-09-15,336,341.9,327.6,328,1635336
2021-09-16,331,332,326.0802,328.4,1424177
2021-09-17,327,336.2,324.1,324.1,2435627
2021-09-20,335.1,335.1,313,315.5,1130118
2021-09-21,310.3,318.9326,310.3,313.6,975725
2021-09-22,313.6,317,309.7,313.3,820310
2021-09-23,311.4,326.23,308.6,321,1809011
2021-09-24,321.3,321.6,301.1,304.8,2110709
2021-09-27,318.4,318.4,297.5,298.3,1952395
2021-09-28,306.6,308.7,285.4,289,2352238
2021-09-29,296.3,300.8,290.1,293.2,1334390
2021-09-30,293.8,305.3,288.2,289.2,2001343
2021-10-01,287.9,291.5,281.8,286.1,976956
2021-10-04,281.1,283.6,264.8,265.5,5346397
2021-10-05,266,277.2509,265,272.5,3176312
2021-10-06,270,275,267.2,269.2,1608124
2021-10-07,272.3,274.1,267.3,269.3,1690924
2021-10-08,275,276,268.9,273.5,3079317
2021-10-11,272,275.3,263.9,268.2,2229099
2021-10-12,267,274.7,262.9,271.6,1703753
2021-10-13,268,274.8,265.6,270,1744364
2021-10-14,274.2,281.7,271.6,277.1,2464125
2021-10-15,279,283.96,276.44,282.9,1905467
2021-10-18,282.7,289.7,280.8,288.1,1664822
2021-10-19,290.7,291.767,284.8,290.5,1823118
2021-10-20,303,304.6,290.5,301.5,5825331
2021-10-21,294,300.9702,287,289.3,2250154
2021-10-22,290.1,291.6454,272,273.5,3046375
2021-10-25,282.9,282.9,269.2,271,2183070
2021-10-26,271.8,272.8,265.28,266.7,1862519
2021-10-27,266.1,279.1,265.2,276.8,4401433
2021-10-28,277.1,281.8,271.29,275.4,1561658
2021-10-29,278.5,278.5,269.28,270.3,1381515
2021-11-01,270.8,274.13,266.5,273,1587558
2021-11-02,273.9,278.8,270.2,277.5,1825215
2021-11-03,279.1,281,271.5,277.1,1389566
2021-11-04,276.9,283.1,274.4327,279.4,2146040
2021-11-05,284.9,284.9,269.3,277.8,2397235
2021-11-08,276.3,279.7,274.16,277.2,1319674
2021-11-09,271.1,279.3,271.1,277,1274721
2021-11-10,279.1,282.9,269.8,278.3,10124883
2021-11-11,275.6,290.2,275.6,290,2912486
2021-11-12,287.9,299.9,285.3,298,5257602
2021-11-15,297,299,291.1,297.2,2615847
2021-11-16,298,299.9,294,296.4,2173738
2021-11-17,297,300,291.9404,293.9,3367074
2021-11-18,292.3,299.2,291.3,295.4,8763872
2021-11-19,294,309.7,292.2,308.5,6231646
2021-11-22,306.2,311,288.33,300,4939788
2021-11-23,298.5,302.9,296,302.9,2777467
2021-11-24,309.2,315.5,301.95,308.3,3756127
2021-11-25,309.6,320.6,307.96,313.6,10049201
2021-11-26,313.6,327.5,302,314.2,3600276
2021-11-29,315,320,311.2,313.3,2274423
2021-11-30,311.5,313.8,289.9,299.1,39656472
2021-12-01,295.3,297,284.67,290.1,2604620
2021-12-02,280,283.6,262.3,262.6,6715268
2021-12-03,265.8,269.7,235.1,241.5,6042843
2021-12-06,239.8,244.6,218.38,234,5805492
2021-12-07,234.2,242.14,231.2,238.1,10418077
2021-12-08,239.9,245.4,228.3,240.1,2316134
2021-12-09,241.1,242.5,233.3,237.4,1608907
2021-12-10,235.8,236.5,229.5,231.8,1474211
2021-12-13,232,237.6,222,222.4,2615374
2021-12-14,224.5,227.5,215.1,221.8,1933728
2021-12-15,218.3,222.4,213,214.2,2680711
2021-12-16,220.9,222.18,214.1,214.1,2301352
2021-12-17,224.8,224.8,202,214.5,25877822
2021-12-20,212,224.4,211.1,211.2,2424840
2021-12-21,213.9,216.33,209.7,212.9,1513959
2021-12-22,218.2,218.2,211.6,213.3,2025829
2021-12-23,216.7,216.7,210.7,212,1186933
2021-12-24,211,214.9002,210.8,211.9,310262
2021-12-29,210.9,213.5965,208.9,210,1749900
2021-12-30,215.2,215.2,205.1,206,1375743
2021-12-31,206.2,210,203.8,209.7,756667
2022-01-04,213.2,213.9,197.9,199.75,3534396
2022-01-05,201,206.1,193.33,203.2,3642857
2022-01-06,200.7,201.2587,194.6,198.5,4122595
2022-01-07,198.5,205.2,197.15,197.15,3509972
2022-01-10,195.75,197.57,184.9,185,3379308
2022-01-11,189.35,191.9,183.31,189,1965756
2022-01-12,189.1,194.35,180.4,180.75,4352693
2022-01-13,181.95,184.1235,176.66,177.5,2063127
2022-01-14,175,176.86,168.2,168.85,3385668
2022-01-17,169.35,175.85,166,174.4,2441661
2022-01-18,177.35,177.49,166.25,167.5,2951991
2022-01-19,167.9,174.6,165.4,169.6,2534191
2022-01-20,177.85,180,171.25,172,3841835
2022-01-21,170,171.7,159,162.5,4394038
2022-01-24,163,163.05,146.85,155,3985764
2022-01-25,156.75,158.9,150.9,151.55,5133878
2022-01-26,151.1,159.2,151.05,157.25,2135851
2022-01-27,154.7,155.4,150,152,3080901
2022-01-28,159.25,159.25,143.37,146.5,2073524
2022-01-31,146.6,155.04,145.75,154.4,1845210
2022-02-01,155.15,162,153.05,155.25,1701890
2022-02-02,160.9,160.9,152,152.9,1540441
2022-02-03,149.25,151.25,144.7,145.5,2634629
2022-02-04,144,147.75,142.25,146.4,2493748
2022-02-07,146.4,151.0684,145.2,149.7,2993905
2022-02-08,149.7,151.5,147.6,149.3,3115296
2022-02-09,150,152.15,147.3,149,3125359
2022-02-10,155,155,140.15,145.45,8010424
2022-02-11,146.5,146.5,141.29,141.4,4389200
2022-02-14,144,144,137.05,141.4,2456841
2022-02-15,138.95,144.35,138.95,140.55,2691926
2022-02-16,142.95,143.65,137,137,2309698
2022-02-17,143.35,143.35,133.05,133.05,3175059
2022-02-18,134,135.65,126.85,126.85,3750132
2022-02-21,126.6,131.32,124.5,127.65,3777244
2022-02-22,125.6,130.7,122.4,127.95,2742020
2022-02-23,133.25,133.25,124.15,124.15,4092909
2022-02-24,120.55,125.15,117.4,124,2944745
2022-02-25,129.3,131.75,118.7,120,3161739
2022-02-28,124.6,128.85,119.35,128.85,7014409
2022-03-01,126.5,126.9,120.17,124,3950463
2022-03-02,124.35,129.25,121.75,124.3,2475313
2022-03-03,123.6,124.7,117.5,118.1,3294379
2022-03-04,115,118.9,106.8,106.8,3879943
2022-03-07,109.7,113.25,100.95,108.35,7479282
2022-03-08,111.5,111.6,106.45,109.75,4566854
2022-03-09,111,119.86,109.7,119.3,3249535
2022-03-10,115.9,121.4,112.4,114,4505964
2022-03-11,110.4,116.4231,108.6,112,3831893
2022-03-14,113.7,113.7,107.41,111.3,4728030
2022-03-15,112,112.4,107.5,107.55,4795758
2022-03-16,107.4,116.7,107.4,116.55,4684431
2022-03-17,120,129.6,116.1225,123.95,9083824
2022-03-18,125,131.1,121.5,129,32126744
2022-03-21,126.35,129.3,122.9,123.65,2617956
2022-03-22,117.85,125,117.85,125,4011289
2022-03-23,127.4,127.4,117.3,121.2,3917338
2022-03-24,118.2,121.55,118.2,121,2718473
2022-03-25,120.6,121.95,113.05,113.85,2646530
2022-03-28,113.45,116.4,110.4,114.1,3888156
2022-03-29,111,126.95,111,124.9,3214051
2022-03-30,123.2,124.85,117.85,120,1876963
2022-03-31,120,122.8,112.25,112.7,1772988
2022-04-01,115.1,117.2,111.5,114.85,1212137
2022-04-04,117.55,121.65,115.8,121.65,1919600
2022-04-05,119.15,132.95,118.7,125.25,2937237
2022-04-06,125.55,127.8,116.15,118,2544766
2022-04-07,120.5,121.1,114.75,116.55,2031143
2022-04-08,116.6,119.05,111.6,114.4,1772534
2022-04-11,115.55,115.55,107.55,109.45,2864504
2022-04-12,108.5,110,103.5817,108.25,6317659
2022-04-13,107.85,108.1,103,106.5,3670276
2022-04-14,106.6,114.65,105.05,113.7,2160100
2022-04-19,112.5,112.5,105.15,108.05,3406408
2022-04-20,105.2,111.75,102.2,111.05,2736571
2022-04-21,108.5,114.2,108.5,112.75,1264530
2022-04-22,108.65,113.25,107.6,110.5,1836725
2022-04-25,107.45,112.6425,105.8,112,1434369
2022-04-26,112,112,102.05,103.05,3581847
2022-04-27,103,104.9,99.04,101.05,3888889
2022-04-28,102,106.15,101.5,104.6,3498937
2022-04-29,104.05,111.85,104.05,110.85,1641524
2022-05-03,110.1,114.7,108.63,112.45,2070187
2022-05-04,110,113.2,103.65,103.7,1677925
2022-05-05,105.45,108.85,97.48,97.48,3392349
2022-05-06,95.4,99.52,93,98.3,2553969
2022-05-09,99.7,99.7,86.5,86.76,3948924
2022-05-10,89.72,90.84,85.4,86.56,3936322
2022-05-11,85.24,89.86,84.6,87.72,7345735
2022-05-12,86.3,92.58,80.02,90.24,7389461
2022-05-13,92.28,96.74,90.02,95.44,5826405
2022-05-16,92.58,94.06,90.1,93.7,2113619
2022-05-17,91.64,101.4,91.64,96.34,4349464
2022-05-18,94.02,96.84,91.62,92.18,2514783
2022-05-19,91.02,91.46,85.6,89.94,2943332
2022-05-20,90.74,97.12,89.0823,93,3299246
2022-05-23,93.8,95.611,88.06,88.34,2786709
2022-05-24,89,89,82.14,82.18,2769223
2022-05-25,85.14,85.14,79.24,82.2,4049808
2022-05-26,85.7,88.8394,81.08,87.16,9346803
2022-05-27,83,86.46,81.948,85.92,4606884
2022-05-30,84.76,93.1284,84.76,93.06,6780098
2022-05-31,92.58,96.16,90.14,94.18,13281660
2022-06-01,92,95.5,91.24,91.54,2804595
2022-06-06,92,101,91.54,99.42,5197185
2022-06-07,98.6,99.64,94.3429,96.72,2648781
2022-06-08,98,100.4376,96.72,98.82,2330840
2022-06-09,99,99.36,92.837,95.9,3257772
2022-06-10,95.7,102.6794,93.64,99.56,3961122
2022-06-13,94.82,98.568,83.52,84,4713148
2022-06-14,86.46,86.46,80.64,81,3999108
2022-06-15,80.02,87.26,77.578,86.64,3927882
2022-06-16,84,86.54,80.12,81.28,2894203
2022-06-17,79.94,87.2078,79.94,86.5,3494456
2022-06-20,80,88.12,79.176,84.88,4971782
2022-06-21,84.08,88,82.64,87.56,1772283
2022-06-22,85.22,89.06,82.56,87.78,1074581
2022-06-23,84,89.46,84,87.78,2777154
2022-06-24,86,90.82,84.9176,89.38,1382653
2022-06-27,86.2,94.9336,86.14,91.96,2799512
2022-06-28,92.26,93.2,88.94,91.54,2011932
2022-06-29,89.06,91.7,84.3,89.1,5229303
2022-06-30,86.88,90.52,86,90.38,4219822
2022-07-01,86.66,92.76,86.44,92.12,1403006
2022-07-04,95,95,89.96,90.2,1544836
2022-07-05,92.06,93.816,90.636,92.84,2953342
2022-07-06,93.34,99.74,91.72,96.7,4407771
2022-07-07,98.1,99.78,94.2804,97.44,1503601
2022-07-08,100,100,94.9,97.44,1295746
2022-07-11,98,99.384,93.904,94.88,1141285
2022-07-12,91.2,96,90.26,94.96,4740388
2022-07-13,97.28,97.28,88.42,90.02,2625890
2022-07-14,91.96,93.5,86.372,87.42,3799279
2022-07-15,87.42,91.3,82.26,85.1,2214043
2022-07-18,79.98,92.28,79.78,91,4473439
2022-07-19,93.72,99.2,90.22,97.5,3916090
2022-07-20,98.16,105.358,94.9,98.06,4792172
2022-07-21,96,97.828,94.34,96.4,11254766
2022-07-22,94.48,100.1,93.18,97.02,8939183
2022-07-25,95,98.06,91.1,95.64,6184805
2022-07-26,92.3,96.16,85.36,86.12,4661862
2022-07-27,89,89,84.54,87.3,2169495
2022-07-28,86.4,90.52,85.02,89.68,963804
2022-07-29,86.44,91.9,86.44,90.64,2138363
2022-08-01,90.62,93.798,86.54,93,1694798
2022-08-02,90.26,95,88.266,95,3927959
2022-08-03,92.96,100.5,90.24,100.5,3589959
2022-08-04,99.62,101.1,94.28,96.2,5616567
2022-08-05,96.2,97.904,92.12,92.16,2594275
2022-08-08,90.54,95.02,87.706,94.64,2886945
2022-08-09,90.64,96.26,89.96,91.24,3378660
2022-08-10,87.98,99.5,85,98,5810350
2022-08-11,94.78,98.86,94.78,96.8,2253189
2022-08-12,95,96.58,93.652,94.8,1728608
2022-08-15,90.42,97.139,90.08,96.22,1905104
2022-08-16,96.5,100.95,95.576,97.6,2631835
2022-08-17,97.06,98.12,90.54,91.22,2847557
2022-08-18,91.7,91.98,87.22,89,4260204
2022-08-19,88,94.46,88,89.04,2705908
2022-08-22,88.78,90.54,82,83.8,4484647
2022-08-23,81.98,86.02,80.86,84.3,5573834
2022-08-24,82.26,85.88,81.04,84.12,2306083
2022-08-25,80.24,86.92,80.24,82.6,1546348
2022-08-26,83,85.2,77.12,77.94,2363037
2022-08-30,78.3,83.02,77.1,81.3,2907789
2022-08-31,80,82.5,77.66,80.88,2871128
2022-09-01,77.42,81.76,76.14,76.36,3129979
2022-09-02,78.7,82.04,76.1,81.3,1522923
2022-09-05,80,84.26,77.6,80.46,3172016
2022-09-06,81.84,86,77.464,83.62,1943817
2022-09-07,83.8,85.98,79.24,85.34,1325832
2022-09-08,84.8,85.98,82.1,85.26,1442832
2022-09-09,83.64,90.44,83.64,89.94,2262435
2022-09-12,89.553,92.8,89.16,91.86,2206974
2022-09-13,90.24,94.98,89.932,91.64,4537257
2022-09-14,93.66,94.58,86.52,94.02,2505270
2022-09-15,92.12,95.64,89.2,95.4,2292982
2022-09-16,90.5,98,90.5,96.84,11617191
2022-09-20,92.66,97.7,84.76,91,9971842
2022-09-21,87.88,91.98,86.86,89.44,4886394
2022-09-22,86.48,91.5,82.82,84.1,2565428
2022-09-23,84.66,86.26,82.24,83.36,3322218
2022-09-26,82,87.04,80.74,84.11,1991712
2022-09-27,82.02,90.28,80.32,84.56,5815251
2022-09-28,86,89.98,81.98,87.8,21167362
2022-09-29,88.72,88.82,83.643,85.32,12075758
2022-09-30,83.44,87.16,81.75,84.76,8354950
2022-10-03,82.12,90,82.12,88.76,6771885
2022-10-04,89,95.62,86.86,92.92,2727844
2022-10-05,89.66,92.04,86.132,86.56,4166482
2022-10-06,85.46,90.38,84.24,88.6,1431446
2022-10-07,90.42,92.04,81.44,82.02,2785311
2022-10-10,80.74,84.08,78.82,79.46,2692287
2022-10-11,78.22,80.841,76.791,79.24,2634527
2022-10-12,77.5,80.66,74.232,76,2760482
2022-10-13,79.8,81.14,72.736,76.2,3292125
2022-10-14,73.58,78.96,73.58,76.32,2355015
2022-10-17,76.32,82.78,72.58,82.04,2534755
2022-10-18,82.5,86.48,81.66,82.38,5136604
2022-10-19,80.48,82.52,75,80.54,3427856
2022-10-20,80.52,82.66,77.1,81.96,2382401
2022-10-21,87,87,82.66,84.84,5202690
2022-10-24,82.72,85.56,80.247,84.2,2509564
2022-10-25,83.76,94.8,81.12,89.9,2502580
2022-10-26,89.58,94,87.5,92.46,2988524
2022-10-27,92.2,94.78,88.84,90,2199749
2022-10-28,88,90.24,82.02,86.5,1683221
2022-10-31,85.36,88.86,84.32,87.16,6768341
2022-11-01,89.98,93.96,86.94,88.94,8541880
2022-11-02,88.9,92.36,84.668,88,10484036
2022-11-03,85.34,89.14,85.02,87.98,9645373
2022-11-04,88.2,95.3,88.2,92.86,7052599
2022-11-07,90.36,97.34,90,94.8,3716083
2022-11-08,94.8,94.8,89.68,93,2459799
2022-11-09,90.82,94.42,90.82,93.24,1342885
2022-11-10,94.88,99,89.39,98.64,7152797
2022-11-11,98,104,95.64,100,4261663
2022-11-14,99,104.5,97.47,101.75,7021074
2022-11-15,104,104,97.12,99.6,4815139
2022-11-16,102.5,102.5,92.02,92.58,12955191
2022-11-17,91.5,94.44,90,91.14,3374866
2022-11-18,92.12,96,90.195,93.36,3355691
2022-11-21,92,93.56,90.352,91.8,2372445
2022-11-22,93.98,94.02,85.76,86.76,6691943
2022-11-23,85.5,90,84,89.22,5436709
2022-11-24,88.06,94.24,88.06,91.8,5393412
2022-11-25,91.02,92.52,88.334,90.5,6314081
2022-11-28,89,91.2,87.82,88.18,2829956
2022-11-29,87.5,89.08,86.24,86.24,2197088
2022-11-30,87.96,88.98,85.1,87.24,5217969
2022-12-01,90.76,94.16,87.6,93.18,9614273
2022-12-02,93.12,97.54,91.18,94.32,4236196
2022-12-05,95.56,96.7,91.54,92.18,1871688
2022-12-06,91.44,92.76,89.16,90.1,4351539
2022-12-07,87.5,92.18,87.5,90.98,1746556
2022-12-08,91.4,91.66,89.261,90.58,1605722
2022-12-09,92,92.18,89,89.66,1484736
2022-12-12,89.04,89.68,83.04,83.14,3636679
2022-12-13,83.4,90.54,82.2,88.1,6596572
2022-12-14,86.26,88.68,84.34,86.9,3644179
2022-12-15,84.4,87.26,81.72,82.7,3845824
2022-12-16,82.82,82.82,78.64,80.96,3208792
2022-12-19,80.96,81.8,79.08,80,2366831
2022-12-20,78.2,81.604,76.82,80.82,2873053
2022-12-21,78.5,84.04,78.5,84,2709370
2022-12-22,81.8,84.88,80.304,82.04,4317033
2022-12-23,81.38,82.94,78.96,82.54,894824
2022-12-28,81.48,86.6,80,85.58,7436762
2022-12-29,84.8,87.7,82.22,86.88,2709398
2022-12-30,85.32,86.96,83.12,85.7,918547
2023-01-02,85.7,85.7,85.7,85.7,16037616
2023-01-03,85.56,90.58,85.06,88.82,3018461
2023-01-04,88.34,94.642,87.3,93.64,5500869
2023-01-05,90.72,98,90.566,96,2914750
2023-01-06,93.98,97.58,93.329,96.2,1912086
2023-01-09,94.92,98.32,94.04,96.92,2869935
2023-01-10,93.24,97.68,93.22,96.5,1921400
2023-01-11,92.26,97.28,88.88,91.64,2589755
2023-01-12,88.2,94.96,87.52,91.38,3432070
2023-01-13,92.94,94.74,91,92,3727878
2023-01-16,94.24,94.88,90,91.8,5477263
2023-01-17,93.5,94.16,90.04,90.04,2052300
2023-01-18,93.62,96,88.84,92.08,3221378
2023-01-19,100,100,90.78,91.54,5295200
2023-01-20,95.44,95.44,91.056,94.58,5197332
2023-01-23,94.98,95.86,93.28,93.56,1731791
2023-01-24,95,95,89.64,89.74,3463894
2023-01-25,89,89.94,85.62,88.66,3760554
2023-01-26,89.56,92.8,84.3,91.38,2683304
2023-01-27,89.66,94.478,89.42,93.38,2721941
2023-01-30,92.12,94.02,91.166,92.7,2030563
2023-01-31,92.3,93.86,91.46,92.96,1867101
2023-02-01,94,94.499,90.02,91.5,2290470
2023-02-02,91.1,96.82,91,95.72,4005552
2023-02-03,92.62,96.122,90.48,94.58,1751176
2023-02-06,95.76,96.16,89.14,90.1,3001959
2023-02-07,90.5,91.4,86.931,87.5,3750118
2023-02-08,88.34,90.5,87.12,88.92,3167224
2023-02-09,91.08,92.6,83.44,89,10261446
2023-02-10,87,89.48,85.02,87.8,9622388
2023-02-13,86.94,90.055,86.94,89,4069858
2023-02-14,90.9,91.84,86.62,89,5348362
2023-02-15,87.7,92.02,87,91.34,5305679
2023-02-16,95,95,90.24,92.18,5518736
2023-02-17,87.98,92.1,87.98,91.32,3830090
2023-02-20,90.98,94.16,88.462,90,5069516
2023-02-21,91,92.3,84.2,84.34,2898585
2023-02-22,83.5,86,80.5,80.64,3185526
2023-02-23,82.94,83.28,80.34,82.02,2638129
2023-02-24,81.1,84.3,80.32,80.92,1724547
2023-02-27,84.78,84.78,80.32,82.68,2472720
2023-02-28,82.34,86.9,80.34,82.7,2817387
2023-03-01,83.02,87.16,80.38,80.98,1258115
2023-03-02,80.38,83.453,80,81.74,1339539
2023-03-03,82.5,87.66,80.74,87.16,2532892
2023-03-06,87.48,87.92,84.8,86.66,1248844
2023-03-07,85.12,87.84,82.02,85.7,1277850
2023-03-08,84.26,85.9,82.96,84.76,1247627
2023-03-09,88.48,92.48,85.5,88.62,2602997
2023-03-10,85.12,90.5,84,89.62,2216641
2023-03-13,91.4,94.3,88.199,92.4,3136107
2023-03-14,88.44,94.52,87.66,93.92,1338225
2023-03-15,94,95.72,88.2,89.54,2118226
2023-03-16,90,92.7,84.509,88.86,2129418
2023-03-17,84.16,90.94,84.16,88,3813627
2023-03-20,85.28,91.06,83.388,88.58,1511669
2023-03-21,85.88,89.892,84.26,88,2135684
2023-03-22,88.12,89.06,85.176,88.72,1812332
2023-03-23,87.28,92,86.748,91.4,2336790
2023-03-24,86.52,92.34,86.52,90.74,1402769
2023-03-27,89.84,91.96,84.9,88.34,1271849
2023-03-28,88.16,92.56,82.32,83,2707801
2023-03-29,82,86.78,82,86.26,1975634
2023-03-30,86.08,90.32,85.56,89.82,905859
2023-03-31,89.34,92.746,85.84,91.5,16938003
2023-04-03,91,94.8,87.4,92.5,3785543
2023-04-04,92.25,94.6,91.25,92.25,4785125
2023-04-05,93,93,88.55,89.9,2417639
2023-04-06,91.85,93.601,89.45,93.1,2204776
2023-04-11,88.4,94.85,88.4,94.5,3156208
2023-04-12,94,97.148,93.1,95.2,5769328
2023-04-13,94.3,98.191,94.3,97.4,4294560
2023-04-14,96.95,100.7,96.9,100.4,3148867
2023-04-17,100,102.359,99,101,14378492
2023-04-18,97.6,102.2,94.35,102.1,3078800
2023-04-19,101.3,103.998,97.75,103.7,4626888
2023-04-20,100,106.923,100,106.5,3499269
2023-04-21,103.5,110.9,102.2,109.6,5144522
2023-04-24,108,110.6,105.6,105.9,2826009
2023-04-25,102.5,106.7,102.5,105.9,2228163
2023-04-26,103.3,106.6,103.1,105,2440899
2023-04-27,104.4,109.1,102.7,108,3235890
2023-04-28,108.9,110.5,107.5,109.4,2860021
2023-05-02,109.1,109.8,107.615,108.7,1272712
2023-05-03,106,110.7,106,110.6,2337945
2023-05-04,110.5,110.563,107,107.6,1731022
2023-05-05,106,110.4,106,108.5,2120955
2023-05-09,108.6,108.8,106,107.3,1573873
2023-05-10,112,112,106.4,109.1,1070622
2023-05-11,113,113,106.1,107.3,816303
2023-05-12,105.5,109.4,104.9,107.8,6791356
2023-05-15,104.7,108,104.1,107.6,1928975
2023-05-16,102.9,110.3,102.9,110,8374139
2023-05-17,110.2,111.1,108.102,111,2458844
2023-05-18,110.9,111.8,104.6,109.1,1361080
2023-05-19,108.7,109.6,106.4,107.8,1142925
2023-05-22,106.9,110,103.7,110,3142134
2023-05-23,109.9,112.3,107,108.5,898390
2023-05-24,112.2,115.6,108.5,108.8,5582771
2023-05-25,108,110.1,107,108.1,2992217
2023-05-26,113.3,113.3,105.55,107.9,2270106
2023-05-29,107.9,107.9,107.9,107.9,69848401
2023-05-30,108,108.6,104.2,106.4,1166832
2023-05-31,105,107.6,104.8,105,7119174
2023-06-01,104.1,106.4,102.2,105.2,1944465
2023-06-02,105,107.2,100.1,105,2582627
2023-06-05,104.9,106.026,102.7,102.7,1318297
2023-06-06,107.7,107.7,99.725,102.2,1939419
2023-06-07,102.8,104.3,98.5,100.1,2075905
2023-06-08,100,101.6,96.892,100.4,2508595
2023-06-09,97,104.5,97,101.5,2302499
2023-06-12,99.4,103.8,98.8,103.8,2071383
2023-06-13,103,105.2,101.2,105.2,3771759
2023-06-14,106.4,107.6,100.3,104.6,1517531
2023-06-15,103.1,106.3,101.1,105.1,1945841
2023-06-16,101.9,107.3,101.1,104.8,4105685
2023-06-19,104,105.4,102.221,104.9,1474521
2023-06-20,104.3,105.2,102.234,104.5,3023519
2023-06-21,103.6,105.8,102,103.9,3012217
2023-06-22,103,107.9,101.3,106.5,4320594
2023-06-23,105.8,105.8,102.501,105.2,3602201
2023-06-26,104.6,106.9,102.3,106.7,2088681
2023-06-27,105.6,110.8,105,109.1,4267882
2023-06-28,109,113.9,108.1,112.8,5369134
2023-06-29,111.9,116.5,111.6,113.4,2249735
2023-06-30,113.9,114.5,111.9,114.5,2915021
2023-07-03,111.9,119.5,111.9,118.6,3221350
2023-07-04,118,119.7,117,118.2,2814049
2023-07-05,118.5,119.5,115.3,115.3,1869799
2023-07-06,116,116,111.366,111.5,1846426
2023-07-07,108,114.2,106.136,113.5,2865384
2023-07-10,113,115.8,111.8,115.3,2352550
2023-07-11,116,116.3,114,114,3023932
2023-07-12,114.7,115.7,113.202,115.1,2244589
2023-07-13,115.6,117.7,113.5,117,3528368
2023-07-14,117,118.1,115.6,116.6,3556915
2023-07-17,115,117,115,115.8,3914474
2023-07-18,118,118.2,115.5,118.2,2400085
2023-07-19,118.6,124.1,118.52,122.4,3480050
2023-07-20,121.3,125.5,120,120.6,1797401
2023-07-21,120,122.1,119.8,122,1793437
2023-07-24,121.5,125.2,120.7,123,1790119
2023-07-25,123.1,125.9,122.1,125.4,1597489
2023-07-26,125,129.5,122.7,127.4,2828305
2023-07-27,124.2,129.1,124.2,127,3865028
2023-07-28,126.2,129.2,124.1,129.2,883045
2023-07-31,129.5,132.1,128,131.4,1976321
2023-08-01,132,133,124.2,127.6,1721145
2023-08-02,129,129.8,123.6,123.7,3320640
2023-08-03,123.6,126.6,123.2,124.1,10003346
2023-08-04,123.8,127.3,122.5,124,5324628
2023-08-07,121,124.9,121,124,4188872
2023-08-08,124.2,125,120.499,121.1,3175422
2023-08-09,122.1,124.3,121.3,123.5,5059436
2023-08-10,125,129.89,122.3,127.8,4511624
2023-08-11,126,129.1,125.5,127.4,3055386
2023-08-14,127.1,129.1,124.3,125.1,2035288
2023-08-15,124,125.1,121.6,123.7,1271711
2023-08-16,122.5,123.8,119.1,119.8,1092662
2023-08-17,118.4,120.1,116.4,117,2158445
2023-08-18,118.3,118.3,113.9,114.5,2680890
2023-08-21,115,115,112,112.7,2116071
2023-08-22,114.9,114.9,111.6,114.8,2146461
2023-08-23,115,115.4,112,115.4,1437333
2023-08-24,116.2,117,112.2,113.3,952774
2023-08-25,113.1,114.8,112.1,112.9,984629
2023-08-28,112.9,112.9,112.9,112.9,961286
2023-08-29,112.5,115.6,112.1,114.7,1029925
2023-08-30,114.3,115.694,113.1,114.3,859444
2023-08-31,112,115,112,113.1,5415514
2023-09-01,116.6,116.6,111.9,114.8,1391889
2023-09-04,112.6,117.5,112.6,114.9,1630502
2023-09-05,114.2,117.2,113.2,115.7,1873389
2023-09-06,115.3,118.6,114.2,116.2,2948646
2023-09-07,115.5,116.9,114.2,114.8,1887047
2023-09-08,114,118.3,113.3,117.3,1670494
2023-09-11,115,118.4,115,117,1456750
2023-09-12,116,117.9,116,117,1176007
2023-09-13,116,117,115,115.6,4782189
2023-09-14,117.9,126.5,116.3,122.7,14579814
2023-09-15,123.6,124.1,120,122.7,4143113
2023-09-18,121.2,123,120.5,121.1,2218693
2023-09-19,121.1,121.3,117.1,117.8,1658981
2023-09-20,116.4,119.6,116.4,117.8,2151041
2023-09-21,118,118,112,112.2,3203719
2023-09-22,111.8,116.1,109.7,115.6,2675696
2023-09-25,113.2,114.3,111.3,112.4,4325312
2023-09-26,115.3,115.3,107.8,108.5,3545732
2023-09-27,107.4,111.6,107.4,110.3,2436179
2023-09-28,119.2,121.3,118.1,120,4816964
2023-09-29,120.7,122.2,119.023,119.6,31807445
2023-10-02,119.4,120.9995,117.6,119.8,1509994
2023-10-03,121,121,118.2,119.1,1151356
2023-10-04,118,121.8,116.7,120.29,737620
2023-10-05,122.9,124.513,122.9,124,2669469
2023-10-06,123.7,125.3,121.4,124.8,1040621
2023-10-09,123.5,124.5,120.8,123.6,1843123
2023-10-10,121.9,128.5,121.7,128.2,1634251
2023-10-11,128,129.8,125,129,879305
2023-10-12,130,130,125.2,125.5,874262
2023-10-13,123.9,126.9,123.785,125.1,2019012
2023-10-16,124.9,126,118.5,125,648368
2023-10-17,124,125.4,122,125,873537
2023-10-18,123.3,125.6,122.4,122.4,2065512
2023-10-19,120.3,122.4,118.5,122.3,413103
2023-10-20,122.3,123.3,119.3,123.2,1115141
2023-10-23,120.6,125.2,120.3,124.8,1005059
2023-10-24,124.8,126.8,122.531,125.4,1123739
2023-10-25,123.2,124.5,121.396,123.6,2367034
2023-10-26,120.6,124.1,118.2,118.2,953599
2023-10-27,118.1,123.3,116.9,119.5,617103
2023-10-30,119.4,121.6,119,120.8,1681078
2023-10-31,123.5,130.8,121.2,130,197731142
2023-11-01,130.2,136.2,120.1,133.1,3551711
2023-11-02,133,141.2,132.8,138.1,5275216
2023-11-03,141.3,144.2,136.9,139.2,7930613
2023-11-06,138.9,138.9,135.7,136.8,5124731
2023-11-07,136.8,141.4,134.1,139.5,4934561
2023-11-08,142.9,142.9,137,138,2995430
2023-11-09,136.4,141.5,136,139,2002494
2023-11-10,140,140,135.8,137.4,8024700
2023-11-13,134.6,139.1,134.6,138.5,2104535
2023-11-14,135,141.1,135,138.9,2382460
2023-11-15,138.1,141.5,136.9,138.9,1851238
2023-11-16,137.5,139.4,134.7,136.5,2781889
2023-11-17,139,139.9,136.2,136.8,748687
2023-11-20,137,141.4,135.6,140.5,2153708
2023-11-21,141,142,136.5,138.8,2820960
2023-11-22,135.5,141.9,135.5,140.9,1158590
2023-11-23,143.5,143.5,138.7,140.2,1186730
2023-11-24,140,143.7,138.5,143.5,2612300
2023-11-27,142.4,148.1,141.9,145.7,3149956
2023-11-28,143.6,146.3,142.9,145.3,2319823
2023-11-29,144.8,149.4,142.7,147,2503720
2023-11-30,145.9,147,142.4,142.4,6928306
2023-12-01,141.5,144.2,137.5,141.2,3228352
2023-12-04,139.1,142.1,136.3,137.9,1633874
2023-12-05,137,139.2,134.2,136.9,1642869
2023-12-06,136.9,138.8,133.3,138.7,1850272
2023-12-07,136.8,139.8,133.5,138.9,1738533
2023-12-08,138.3,141.6,137.985,141.6,2013466
2023-12-11,142,143.3,140.5,142.4,3140441
2023-12-12,142,143.6,138.4,138.4,1563424
2023-12-13,136.3,139.4,131.1,131.1,2964181
2023-12-14,131.3,135.6,130.1,130.1,3512682
2023-12-15,130.2,131.5,125.2,125.2,11882947
2023-12-18,124.1,127.4,122.1,127.4,2535319
2023-12-19,126,130.5,125.1,129.1,5571251
2023-12-20,130.6,132.9,129.1,129.5,5501708
2023-12-21,128.5,129.7,125.5,127.6,4732787
2023-12-22,126.8,131,121.8,127.1,4662928
2023-12-27,127.5,130.2,126,127.8,4930190
2023-12-28,129,130.4,126,128.3,3881830
2023-12-29,126.4,128.7,124.9,127.6,4496352
2024-01-02,126.4,129.4,125.3,127,6202552
2024-01-03,126.5,131.1,126,130.4,9554373
2024-01-04,127.9,133.2,127.9,131,17377776
2024-01-05,129,130.8,126.1,128.7,13455837
2024-01-08,127.5,130.7,125.8,130.3,1074325
2024-01-09,128,130.9,126,126,1145304
2024-01-10,128.4,128.4,124,124.6,2503897
2024-01-11,124,126.7,123.2,124,1057937
2024-01-12,126.9,127.4,124.1,126.2,1092543
2024-01-15,125.8,129.1,124.912,128.1,1390295
2024-01-16,128.6,132.3,126.4,131.6,1860422
2024-01-17,131.6,136.8,129.006,135.8,2711018
2024-01-18,135,136.9,131.9,134.8,2614958
2024-01-19,137.4,140,125.4,126.5,3789148
2024-01-22,126.2,126.7,121,121,5365607
2024-01-23,121,123.3,117.7,121,5070763
2024-01-24,123.8,123.8,120,121.6,6994929
2024-01-25,121.2,124.6,121.2,124.3,1990431
2024-01-26,124.6,126.2,121.5,122.1,1591828
2024-01-29,125,125,120.6,121.9,474233
2024-01-30,115.4,120.1,115,118.1,27157206
2024-01-31,117.5,119.8,117.3,117.5,5016412
2024-02-01,116.5,121.3,115.9,115.9,3257871
2024-02-02,116.5,119.8,115.4,117,2604901
2024-02-05,117.2,120.5,116.2,119.2,7116772
2024-02-06,119.2,121,116.6,120.5,1239858
2024-02-07,118.6,122.8,116.5,117.7,2376439
2024-02-08,117,121,117,119,1058627
2024-02-09,118,122,118,119.5,1218643
2024-02-12,122.4,123.5,120.9,120.9,1287444
2024-02-13,123.1,123.1,115.5,118,1845880
2024-02-14,117,122.1,117,120.4,1226885
2024-02-15,120.2,123.9,118.5,119.7,934724
2024-02-16,116.4,120.614,116.4,117,2004713
2024-02-19,116,120.3,115.6,119.1,975500
2024-02-20,119,120.2,115.7,116.7,998254
2024-02-21,117.1,118.1,114.3,115.6,669509
2024-02-22,115,116.6,114.7,115.8,1537826
2024-02-23,115.7,118.6,114.2,114.7,2887297
2024-02-26,112.5,114.6,108,111.7,2973620
2024-02-27,110,113.4,110,113.4,1730506
2024-02-28,111,113.4,110.5,111.6,1316511
2024-02-29,110,113,109.8,109.8,2773513
2024-03-01,112,113.6,109.5,113,1883542
2024-03-04,112.4,119.1,112.4,117.8,2849145
2024-03-05,116,118.4,114.2,114.7,3357848
2024-03-06,114,119,114,117.5,1421421
2024-03-07,115.9,118.8,115.7,116.9,1362862
2024-03-08,115,117,114.4,115,1466382
2024-03-11,114.2,117,113.1,113.8,2531202
2024-03-12,114.6,117,113.4,116.5,1471636
2024-03-13,116,117,113,114.5,2178636
2024-03-14,117.6,121,110.3,117.2,2559582
2024-03-15,118.6,120.9,116.5,117.9,6131879
2024-03-18,116.1,118.9,112.1,114,2712096
2024-03-19,115,117.1,112.5,115,1966479
2024-03-20,114.1,118.5,113.1,117.7,1523324
2024-03-21,118.7,120.5,116,117.1,1110080
2024-03-22,116.8,118.6,114.5,116.2,1383853
2024-03-25,113.6,117.2,113.5,115.8,875637
2024-03-26,116,117.1,115.3,115.8,896968
2024-03-27,114.9,116.5,113.6,116.5,908337
2024-03-28,118,118.8,115.4,118.3,1732758
2024-04-02,118.2,122.3,117.8,120.8,2845268
2024-04-03,120,125.51,120,125.4,1628852
2024-04-04,125.7,130,125.7,130,4892540
2024-04-05,128.4,130.315,127.7,129.1,3442135
2024-04-08,132.8,133.4,129.7,131,2196265
2024-04-09,131.4,132.5,129.9,130,2775825
2024-04-10,129.6,131.6,128.1,130,3012728
2024-04-11,129,130.8,127.894,128.7,2755073
2024-04-12,131.7,132.5,128.6,129.2,2539191
2024-04-15,129.9,133,127.4,130.2,4299769
2024-04-16,129.1,130.4,124.4,125.1,3066103
2024-04-17,125.4,126.2,120.5,121.2,5160050
2024-04-18,124.5,130.5,119.3,126.6,6290432
2024-04-19,131,131,125,127,2472305
2024-04-22,123.9,129.4,123.8,126.3,2190448
2024-04-23,125.4,130.4,125.4,130,2598467
2024-04-24,132,132,128.8,130.3,1452102
2024-04-25,128.9,132.5,128.4,130,3494228
2024-04-26,132,132.3,127.902,132.3,2211512
2024-04-29,128.7,135,128.7,134.3,1888491
2024-04-30,134,135.1,132.2,133.8,2339020
2024-05-01,132,134.6,130.6,130.6,2719366
2024-05-02,130.5,132.3,128.4,131.9,1784837
2024-05-03,129.2,133.4,129,130,1672954
2024-05-07,130.6,131.7,126.6,128.6,4138461
2024-05-08,128.6,132.3,125.3,125.8,1436926
2024-05-09,125.5,128.9,124.7,126.6,1886207
2024-05-10,126.4,131.6,125.1,131.3,1560235
2024-05-13,128.3,134.9,128.3,133.3,1886666
2024-05-14,134.5,138.5,133.7,136.1,2032079
2024-05-15,134,137.8,134,137.4,2400121
2024-05-16,137.6,141.9,134.8,139.8,1251083
2024-05-17,138.4,142.6,137.2,141.2,1306381
2024-05-20,141.5,141.5,137.5,140.6,973972
2024-05-21,140,142.7,138.8,142.3,1440427
2024-05-22,139,147.7,139,144.5,2784616
2024-05-23,144,153,140.6,150,3216456
2024-05-24,149.3,150.7,142,145.6,3787899
2024-05-28,146.8,156,144.1,146.9,8166412
2024-05-29,145,147.8,134.5,137.8,7355775
2024-05-30,136,141.4,136,137.4,2478020
2024-05-31,140,140,136.6,136.9,6878329
2024-06-03,134.8,138.3,134.8,136.5,1357263
2024-06-04,137.6,139.9,136.1,137.2,1426717
2024-06-05,133.7,138.1,133,134.5,3844901
2024-06-06,135,135.7,131.5,132.3,1554449
2024-06-07,132.8,133.3,131.4,133.3,2250590
2024-06-10,134,135.8,131.7,135.5,1329315
2024-06-11,137.8,144,132.9,136.2,7598589
2024-06-12,135.9,140.3,133.937,138.3,2291951
2024-06-13,135.9,138.2,133.2,133.2,2754556
2024-06-14,133.5,133.6,130.2,132.3,1268937
2024-06-17,132.5,135,128.1,135,1616478
2024-06-18,132,135.3,131.9,133.8,1194228
2024-06-19,133.2,133.899,131,132.1,641321
2024-06-20,130.3,132.4,128,129.6,1323709
2024-06-21,129.6,129.9,126.5,128.6,6058263
2024-06-24,127.5,130.8,127,129.8,844988
2024-06-25,128,130.1,126.8,127.5,2845058
2024-06-26,132,136,128.7,129,7148574
2024-06-27,128,132.38,127.5,129.6,3346643
2024-06-28,128,131.9,127.8,130.9,5210466
2024-07-01,131,132.399,129.3,131.4,4625090
2024-07-02,131.4,132.1,128.5,129,4150736
2024-07-03,129.8,130.8,128.2,129.8,5314250
2024-07-04,127.4,132.3,127.4,132.3,900835
2024-07-05,131,134.4,130,131.5,2067813
2024-07-08,130.8,131.7,127.788,128.4,1200913
2024-07-09,128.1,129.4,124.6,125.2,1759171
2024-07-10,122.2,129,122.2,127.3,1066718
2024-07-11,128.1,130,127.5,129.8,2247530
2024-07-12,130,131.4,129.4,131.4,1574414
2024-07-15,131.5,133.3,128.9,129.3,1228216
2024-07-16,127.8,132.9,127.3,129.2,2075306
2024-07-17,129.6,131.1,127.8,130,9271089
2024-07-18,131.7,132.6,128.9,128.9,1385024
2024-07-19,129,132.6,126.4,126.5,664071
2024-07-22,126.3,127.6,126.2,126.6,934091
2024-07-23,127.4,129.3,125.8,127.1,1047846
2024-07-24,128.5,130.8,125.5,129.6,2453520
2024-07-25,130,132.8,127,130.6,1737941
2024-07-26,128,140.38,128,133.2,6131032
2024-07-29,134.3,134.3,128.6,128.6,2712664
2024-07-30,131.6,132.6,128.1,130,1175420
2024-07-31,131.2,134.7,130.252,131.9,3814001
2024-08-01,134.2,134.4,131.1,132.2,1496672
2024-08-02,133,133,125.3,126,1115450
2024-08-05,122.7,125.3,120,125.3,1443109
2024-08-06,125,127.5,123.5,126.5,1310765
2024-08-07,127.9,127.9,124.9,127.5,1118966
2024-08-08,132.5,142.426,132.4,140.9,5819031
2024-08-09,141,149.8,137.5,148.1,3017842
2024-08-12,148.7,152.9,147.1,150.9,1482641
2024-08-13,150.6,153,147.3,150,2592934
2024-08-14,150,153,148.2,153,2922149
2024-08-15,151.3,152.9,148.4,148.7,2278068
2024-08-16,149.4,155,146.9,154.4,1573717
2024-08-19,152,155.9,152,154.1,969067
2024-08-20,153.7,158.3,152.412,156.1,1643658
2024-08-21,155.4,158.6,152.3,157.5,1361552
2024-08-22,156.3,157.8,154.1,154.1,1102507
2024-08-23,157,157,151.1,151.1,970753
2024-08-27,150.6,152.4,146.2,150.1,2312575
2024-08-28,149.4,154.5,149.4,149.8,1454057
2024-08-29,152,152.344,149.7,150.4,1642439
2024-08-30,152,154.4,150.4,152.6,6318193
2024-09-02,152.7,155.7,151.61,154.6,1389418
2024-09-03,155.4,157,150,150,1374895
2024-09-04,146,147,143.4,144.7,3021905
2024-09-05,144.5,147.1,142.4,146.6,1853027
2024-09-06,147,151.4,145.2,150.2,2709101
2024-09-09,150.8,154.69,150.3,152.1,3246824
2024-09-10,150.5,154.1,149.7,153.4,2331559
2024-09-11,159.8,166.2,155.2,160.7,2761744
2024-09-12,163.2,164.1,157.9,159.7,1285850
2024-09-13,156.6,161.676,154.8,156.9,1116546
2024-09-16,156.3,159.1,155.1,157.3,1333864
2024-09-17,157.2,159.9,155.1,159.2,1051068
2024-09-18,155.4,159.5,155.4,156.8,1288557
2024-09-19,160,160.6,156.3,157,1756295
2024-09-20,155.2,157.1,151.9,153.6,3264227
2024-09-23,151.2,154.3,151.1,153,999633
2024-09-24,153.8,154.3,150.9,153.2,1494628
2024-09-25,153,155.4,151.9,155,1592304
2024-09-26,151.3,158.8,151.3,155.5,1734723
2024-09-27,158.1,158.1,155.4,157.5,1548817
2024-09-30,157.5,159.7,154.5,154.5,2687905
2024-10-01,156.3,157.3,154.8,155.7,1776386
2024-10-02,155.5,156.5,151.5,152.5,1821892
2024-10-03,153.1,156.8,152,155.1,1716811
2024-10-04,154.3,157.2,154.2,155,1270697
2024-10-07,157.7,157.7,153.5,154,2525092
2024-10-08,152.4,154.3,150.75,154.1,2825371
2024-10-09,153.5,155.7,153.4,154.8,1706326
2024-10-10,151.4,156.5,151.4,155.4,2103455
2024-10-11,159.4,159.4,150.7,151.4,1255913
2024-10-14,150,152.7,148.755,151.8,1094946
2024-10-15,152,154.1,148.5,148.5,1929951
2024-10-16,149,151.4,144.7,146.9,3509488
2024-10-17,149.5,153.8,147.493,147.5,2454254
2024-10-18,145.4,148.1,141.322,144,1708489
2024-10-21,143,145.5,141.7,141.7,1046808
2024-10-22,143,143.9,138,141.9,3065383
2024-10-23,142,144.7,140.4,143.9,1226458
2024-10-24,141.5,145,141.5,141.7,1274740
2024-10-25,142.3,142.7,140.754,141.3,1092319
2024-10-28,144.8,144.8,139.5,141.5,1779022
2024-10-29,140.9,141.8,135.6,136.6,2538740
2024-10-30,136.6,139.2,135.5,138.8,1644415
2024-10-31,138.8,139.5,136.8,137.8,2446693
2024-11-01,137.5,140.1,137.5,139.5,1548719
2024-11-04,138.5,140,136.6,136.6,1584529
2024-11-05,136.4,137.5,134,134,2255310
2024-11-06,135.1,137.8,132.6,133.9,2313974
2024-11-07,134.4,137.4,132.8,134.5,2257228
2024-11-08,134.8,135.8,133.7,135.1,1567324
2024-11-11,136.5,142.1,135.5,141.9,2106518
2024-11-12,141.4,146.02,138.4,141.5,5381885
2024-11-13,142,145.6,139.8,139.8,2883127
2024-11-14,139,145.8,138.6,144.6,2212675
2024-11-15,142,144.6,141,141,1986802
2024-11-18,140.5,142.7,138.5,141.4,1150488
2024-11-19,142.2,145.2,140.2,145,2269493
2024-11-20,145.5,146.7,142.1,143.1,1095035
2024-11-21,141.4,145,140.2,142,1209361
2024-11-22,144.4,146,140,144.7,3302418
2024-11-25,144,146.7,142.7,145.8,5440870
2024-11-26,144,147.8,144,146.4,1929024
2024-11-27,145.2,148.5,144.4,147.5,1165528
2024-11-28,147,149.5,146,148.7,1202596
2024-11-29,148,151.2,148,149.9,1482853
2024-12-02,149.8,150.5,146.9,148.3,1906294
2024-12-03,148.8,149.5,147.8,148.8,1041349
2024-12-04,149.4,149.9,146.3,147.5,2136277
2024-12-05,150.7,154.8,148.5,151,3293604
2024-12-06,151.5,155.6,151.1,155,3005271
2024-12-09,155.7,158.8,153.2,153.4,1864936
2024-12-10,152.3,155.006,151.9,152,1707324
2024-12-11,155,156,152.1,153.3,2348690
2024-12-12,153.6,154.5,151.2,151.4,1766919
2024-12-13,148,151.2,147.9,147.9,2637675
2024-12-16,147,149.4,140.7,141.2,2984925
2024-12-17,139.7,141.9,139.5,141.3,2241782
2024-12-18,142,142,139.3,140.1,1711178
2024-12-19,138.6,140.2,137.9,139.9,2257466
2024-12-20,138.2,143.1,137.1,142.1,76278175
2024-12-23,142.2,145.3,136.8,139.5,3564368
2024-12-24,139.9,142.5,138.775,141.2,905851
2024-12-27,141,143.5,137.8,139,1542523
2024-12-30,139,139.5,137,138.2,1804481
2024-12-31,134.6,141.9,134.6,141.9,1239748
2025-01-02,142.3,143.4,138.5,138.5,1447426
2025-01-03,136.9,139.9,136.4,139.6,2039887
2025-01-06,139.9,141.7,135.6,136.6,1524395
2025-01-07,136.1,137.2,131.8,131.9,24943074
2025-01-08,133.2,135.1,126.8,127.9,17536325
2025-01-09,127.8,129.3,127.3,129.3,19674741
2025-01-10,127.4,129.6,127,128.2,2825948
2025-01-13,125.9,130,125.9,128.7,2989845
2025-01-14,129.6,132.8,128.4,128.6,2912911
2025-01-15,132.5,134.3,129.1,129.4,5571748
2025-01-16,132.1,140.1,132.1,137.9,3570704
2025-01-17,139.1,140.7,135.1,135.3,2257597
2025-01-20,135.6,135.8,133,133.2,1951078
2025-01-21,132.6,135.3,131,131,1270788
2025-01-22,130.8,131.7,129.45,130,2562242
2025-01-23,130,131.9,128.6,129.2,1902371
2025-01-24,128.5,131.4,128,130.8,2245766
2025-01-27,129.9,132.3,129.4,132.1,1990324
2025-01-28,132.1,134.3,131.6,132.8,1746524
2025-01-29,132.8,133.9,131.4,132,2404685
2025-01-30,134.8,134.8,131.4,131.9,1697415
2025-01-31,131.9,132.8,130.3,131.3,19906223
2025-02-03,130,132.5,126.9,132.5,3149885
2025-02-04,130,135.6,130,135.6,2383492
2025-02-05,131.8,137.9,131.8,137.6,1689440
2025-02-06,136.2,139.1,134.8,135.6,1499657
2025-02-07,134.5,137.7,134.5,136.7,1184128
2025-02-10,137.5,139.9,135.8,138.3,1188157
2025-02-11,135.6,139.5,135.6,139.1,1706406
2025-02-12,139.9,140.6,136.7,136.7,2214934
2025-02-13,137.6,140.3,137.6,139,2248989
2025-02-14,140.7,140.7,138.7,139.1,1576830
2025-02-17,137.5,140.6,134.4,140.6,2483868
2025-02-18,142.6,142.6,139.9,140.5,1493315
2025-02-19,140.5,142.6,138.8,140,3027191
2025-02-20,142,142,135.3,135.9,1679360
2025-02-21,137.4,138.5,134.5,135.5,7434280
2025-02-24,143.1,146.079,139.3,141.8,14115971
2025-02-25,141.2,145.6,140.6,142.4,4554980
2025-02-26,140.6,144.3,139.5,140,2110645
2025-02-27,139.1,140.9,139,140.4,1952941
2025-02-28,142.1,142.1,135.5,136.2,5643916
2025-03-03,137,138.6,134.3,135,1690503
2025-03-04,132.5,134.8,131.1,132.4,2027559
2025-03-05,132,136.2,130.2,130.2,2170316
2025-03-06,130,131.3,125.7,125.7,1522514
2025-03-07,124.1,126.5,123.9,125.1,2873363
2025-03-10,124.4,128.68,124.4,126.1,3198412
2025-03-11,126.6,127.4,125.4,125.7,2772278
2025-03-12,127.2,127.3,124.3,124.6,2726606
2025-03-13,119,125.4,111.6,119.5,8982351
2025-03-14,117,124.4,117,121.7,5184465
2025-03-17,122.1,123,120.3,122.4,3683577
2025-03-18,122.4,124.6,120.8,121.1,3572742
2025-03-19,120,123.5,120,122.2,2721064
2025-03-20,122.5,124.6,121.7,123.9,4379007
2025-03-21,124,124.524,121.2,122.7,7282872
2025-03-24,121.7,124,120.2,123.5,1904136
